timestamp,Sinewave Input,#FLT_STATE#Delay_Sinewave Output,#FLT_VALUE#Delay_Sinewave Output,#EXP(7.5;7.5;50)#Delay_Sinewave Output
0,5.319984,0,5,6
10,5.207386,0,5,6
20,5.091956,0,5,6
30,4.975267,0,5,6
40,4.858909,0,5,6
50,4.74447,0,5,6
60,4.633509,0,5,6
70,4.527541,0,5,6
80,4.428011,0,5,6
90,4.336278,0,5,6
100,4.253593,0,5,6
110,4.181088,0,5,6
120,4.119752,0,5,6
130,4.070423,0,5,6
140,4.033777,0,5,6
150,4.010316,0,5,6
160,4.000361,0,5,6
170,4.004051,0,5,6
180,4.021336,0,5,6
190,4.051984,0,5,6
200,4.095578,0,5,6
210,4.151524,0,5,6
220,4.219059,0,5,6
230,4.297264,0,5,6
240,4.385072,0,5,6
250,4.481283,0,5,6
260,4.584587,0,5,6
270,4.69357,0,5,6
280,4.806747,0,5,6
290,4.922569,0,5,6
300,5.039456,0,5,6
310,5.155809,0,5,6
320,5.270037,0,5,6
330,5.38058,0,5,6
340,5.485924,0,5,6
350,5.584629,0,5,6
360,5.675344,0,5,6
370,5.756827,0,5,6
380,5.827963,0,5,6
390,5.887776,0,5,6
400,5.935447,0,5,6
410,5.970322,0,5,6
420,5.991921,0,5,6
430,5.999949,0,5,6
440,5.994291,0,5,6
450,5.975025,0,5,6
460,5.942411,0,5,6
470,5.896895,0,5,6
480,5.839097,0,5,6
490,5.769807,0,5,6
500,5.689973,1,5,17.5
510,5.600685,1,5,17.5
520,5.503167,1,5,17.5
530,5.398752,1,5,17.5
540,5.288869,1,5,17.5
550,5.175023,1,5,17.5
560,5.058774,1,5,17.5
570,4.941714,1,5,17.5
580,4.825447,1,5,17.5
590,4.711567,1,5,17.5
600,4.601634,1,5,17.5
610,4.497158,1,5,17.5
620,4.399569,1,5,17.5
630,4.310209,1,5,17.5
640,4.230303,1,5,17.5
650,4.160948,1,5,17.5
660,4.103096,1,5,17.5
670,4.057544,1,5,17.5
680,4.024918,1,5,17.5
690,4.005667,1,5,17.5
700,4.000057,1,5,17.5
710,4.008167,1,5,17.5
720,4.029889,1,5,17.5
730,4.064925,1,5,17.5
740,4.112796,1,5,17.5
750,4.172849,1,5,17.5
760,4.244259,1,5,17.5
770,4.326048,1,5,17.5
780,4.417095,1,5,17.5
790,4.516151,1,5,17.5
800,4.621856,1,5,17.5
810,4.73276,1,5,17.5
820,4.84734,1,5,17.5
830,4.964023,1,5,17.5
840,5.081205,1,5,17.5
850,5.197278,1,5,17.5
860,5.310645,1,5,17.5
870,5.419748,1,5,17.5
880,5.523088,1,5,17.5
890,5.619243,1,5,17.5
900,5.70689,1,5,17.5
910,5.784823,1,5,17.5
920,5.85197,1,5,17.5
930,5.907405,1,5,17.5
940,5.950364,1,5,17.5
950,5.980255,1,5,17.5
960,5.996664,1,5,17.5
970,5.999365,1,5,17.5
980,5.988317,1,5,17.5
990,5.963671,1,5,17.5
1000,5.925765,1,5,17.5
1010,5.875117,0,5,17.5
1020,5.812423,0,5,17.5
1030,5.738544,0,5,17.5
1040,5.654496,0,5,17.5
1050,5.561434,0,5,17.5
1060,5.460637,0,5,17.5
1070,5.353494,0,5,17.5
1080,5.241477,0,5,17.5
1090,5.12613,0,5,17.5
1100,5.00904,0,5,17.5
1110,4.89182,0,5,17.5
1120,4.776084,0,5,17.5
1130,4.663428,0,5,17.5
1140,4.555404,0,5,17.5
1150,4.4535,0,5,17.5
1160,4.359124,0,5,17.5
1170,4.273575,0,5,17.5
1180,4.198035,0,5,17.5
1190,4.133546,0,5,17.5
1200,4.080999,0,5,17.5
1210,4.04112,0,5,17.5
1220,4.014462,0,5,17.5
1230,4.001392,0,5,17.5
1240,4.002094,0,5,17.5
1250,4.01656,0,5,17.5
1260,4.044593,0,5,17.5
1270,4.085807,0,5,17.5
1280,4.139636,0,5,17.5
1290,4.205339,0,5,17.5
1300,4.28201,0,5,17.5
1310,4.368595,0,5,17.5
1320,4.463898,0,5,17.5
1330,4.566605,0,5,17.5
1340,4.675301,0,5,17.5
1350,4.788484,0,5,17.5
1360,4.904593,0,5,17.5
1370,5.022026,0,5,17.5
1380,5.13916,0,5,17.5
1390,5.254377,0,5,17.5
1400,5.366086,0,5,17.5
1410,5.472744,0,5,17.5
1420,5.572875,0,5,17.5
1430,5.665096,0,5,17.5
1440,5.748132,0,5,17.5
1450,5.820832,0,5,17.5
1460,5.882192,0,5,17.5
1470,5.931361,0,5,17.5
1480,5.967658,0,5,17.5
1490,5.990579,0,5,17.5
1500,5.999806,1,5,17.5
1510,5.995208,1,5,17.5
1520,5.976848,1,5,17.5
1530,5.944977,1,5,17.5
1540,5.900035,1,5,17.5
1550,5.84264,1,5,17.5
1560,5.773586,1,5,17.5
1570,5.693826,1,5,17.5
1580,5.604462,1,5,17.5
1590,5.506729,1,5,17.5
1600,5.401979,1,5,17.5
1610,5.29166,1,5,17.5
1620,5.177299,1,5,17.5
1630,5.060478,1,5,17.5
1640,4.942814,1,5,17.5
1650,4.825936,1,5,17.5
1660,4.711463,1,5,17.5
1670,4.60098,1,5,17.5
1680,4.496018,1,5,17.5
1690,4.398032,1,5,17.5
1700,4.30838,1,5,17.5
1710,4.228306,1,5,17.5
1720,4.158919,1,5,17.5
1730,4.101184,1,5,17.5
1740,4.055901,1,5,17.5
1750,4.023701,1,5,17.5
1760,4.005031,1,5,17.5
1770,4.000152,1,5,17.5
1780,4.009134,1,5,17.5
1790,4.031855,1,5,17.5
1800,4.068,1,5,17.5
1810,4.117071,1,5,17.5
1820,4.17839,1,5,17.5
1830,4.251107,1,5,17.5
1840,4.334215,1,5,17.5
1850,4.426564,1,5,17.5
1860,4.526872,1,5,17.5
1870,4.63375,1,5,17.5
1880,4.745716,1,5,17.5
1890,4.861215,1,5,17.5
1900,4.978647,1,5,17.5
1910,5.09638,1,5,17.5
1920,5.212781,1,5,17.5
1930,5.326234,1,5,17.5
1940,5.435162,1,5,17.5
1950,5.538053,1,5,17.5
1960,5.633477,1,5,17.5
1970,5.720108,1,5,17.5
1980,5.79674,1,5,17.5
1990,5.862309,1,5,17.5
2000,5.915901,1,5,17.5
2010,5.956771,0,5,17.5
2020,5.984348,0,5,17.5
2030,5.998248,0,5,17.5
2040,5.998275,0,5,17.5
2050,5.984427,0,5,17.5
2060,5.956894,0,5,17.5
2070,5.916057,0,5,17.5
2080,5.862483,0,5,17.5
2090,5.796914,0,5,17.5
2100,5.72026,0,5,17.5
2110,5.633586,0,5,17.5
2120,5.538095,0,5,17.5
2130,5.435115,0,5,17.5
2140,5.326078,0,5,17.5
2150,5.212498,0,5,17.5
2160,5.095957,0,5,17.5
2170,4.978075,0,5,17.5
2180,4.860492,0,5,17.5
2190,4.744845,0,5,17.5
2200,4.632745,0,5,17.5
2210,4.525751,0,5,17.5
2220,4.425354,0,5,17.5
2230,4.332954,0,5,17.5
2240,4.249837,0,5,17.5
2250,4.177163,0,5,17.5
2260,4.115945,0,5,17.5
2270,4.067038,0,5,17.5
2280,4.031124,0,5,17.5
2290,4.008705,0,5,17.5
2300,4.000097,0,5,17.5
2310,4.005421,0,5,17.5
2320,4.024604,0,5,17.5
2330,4.057382,0,5,17.5
2340,4.103299,0,5,17.5
2350,4.161717,0,5,17.5
2360,4.231825,0,5,17.5
2370,4.312645,0,5,17.5
2380,4.403053,0,5,17.5
2390,4.501789,0,5,17.5
2400,4.607477,0,5,17.5
2410,4.718646,0,5,17.5
2420,4.833744,0,5,17.5
2430,4.951166,0,5,17.5
2440,5.069276,0,5,17.5
2450,5.186425,0,5,17.5
2460,5.300977,0,5,17.5
2470,5.411336,0,5,17.5
2480,5.515958,0,5,17.5
2490,5.613385,0,5,17.5
2500,5.702253,1,5,17.5
2510,5.781322,1,5,17.5
2520,5.849486,1,5,17.5
2530,5.905793,1,5,17.5
2540,5.949453,1,5,17.5
2550,5.979855,1,5,17.5
2560,5.996573,1,5,17.5
2570,5.999372,1,5,17.5
2580,5.98821,1,5,17.5
2590,5.96324,1,5,17.5
2600,5.924812,1,5,17.5
2610,5.873458,1,5,17.5
2620,5.809895,1,5,17.5
2630,5.73501,1,5,17.5
2640,5.649847,1,5,17.5
2650,5.555596,1,5,17.5
2660,5.453574,1,5,17.5
2670,5.345204,1,5,17.5
2680,5.232003,1,5,17.5
2690,5.115552,1,5,17.5
2700,4.997479,1,5,17.5
2710,4.879436,1,5,17.5
2720,4.763073,1,5,17.5
2730,4.65002,1,5,17.5
2740,4.541858,1,5,17.5
2750,4.440101,1,5,17.5
2760,4.346175,1,5,17.5
2770,4.261394,1,5,17.5
2780,4.186947,1,5,17.5
2790,4.123877,1,5,17.5
2800,4.07307,1,5,17.5
2810,4.035237,1,5,17.5
2820,4.010911,1,5,17.5
2830,4.000434,1,5,17.5
2840,4.003954,1,5,17.5
2850,4.021426,1,5,17.5
2860,4.052605,1,5,17.5
2870,4.097057,1,5,17.5
2880,4.154161,1,5,17.5
2890,4.223119,1,5,17.5
2900,4.302966,1,5,17.5
2910,4.392585,1,5,17.5
2920,4.490721,1,5,17.5
2930,4.596,1,5,17.5
2940,4.706947,1,5,17.5
2950,4.822008,1,5,17.5
2960,4.93957,1,5,17.5
2970,5.057985,1,5,17.5
2980,5.175592,1,5,17.5
2990,5.290743,1,5,17.5
3000,5.401821,1,5,17.5
3010,5.507268,0,5,17.5
3020,5.605603,0,5,17.5
3030,5.695447,0,5,17.5
3040,5.775537,0,5,17.5
3050,5.844749,0,5,17.5
3060,5.902108,0,5,17.5
3070,5.946809,0,5,17.5
3080,5.978222,0,5,17.5
3090,5.995905,0,5,17.5
3100,5.999607,0,5,17.5
3110,5.989274,0,5,17.5
3120,5.96505,0,5,17.5
3130,5.927272,0,5,17.5
3140,5.876469,0,5,17.5
3150,5.813353,0,5,17.5
3160,5.738808,0,5,17.5
3170,5.653881,0,5,17.5
3180,5.559763,0,5,17.5
3190,5.457775,0,5,17.5
3200,5.34935,0,5,17.5
3210,5.236009,0,5,17.5
3220,5.119346,0,5,17.5
3230,5.001,0,5,17.5
3240,4.882635,0,5,17.5
3250,4.765913,0,5,17.5
3260,4.652478,0,5,17.5
3270,4.543924,0,5,17.5
3280,4.441778,0,5,17.5
3290,4.347479,0,5,17.5
3300,4.262354,0,5,17.5
3310,4.187602,0,5,17.5
3320,4.124275,0,5,17.5
3330,4.073267,0,5,17.5
3340,4.035296,0,5,17.5
3350,4.0109,0,5,17.5
3360,4.000423,0,5,17.5
3370,4.004014,0,5,17.5
3380,4.021627,0,5,17.5
3390,4.053013,0,5,17.5
3400,4.097734,0,5,17.5
3410,4.155161,0,5,17.5
3420,4.224489,0,5,17.5
3430,4.304741,0,5,17.5
3440,4.394789,0,5,17.5
3450,4.493367,0,5,17.5
3460,4.599087,0,5,17.5
3470,4.71046,0,5,17.5
3480,4.825918,0,5,17.5
3490,4.943834,0,5,17.5
3500,5.062548,1,5,17.5
3510,5.180385,1,5,17.5
3520,5.295686,1,5,17.5
3530,5.406824,1,5,17.5
3540,5.512231,1,5,17.5
3550,5.610422,1,5,17.5
3560,5.700009,1,5,17.5
3570,5.77973,1,5,17.5
3580,5.848457,1,5,17.5
3590,5.90522,1,5,17.5
3600,5.949217,1,5,17.5
3610,5.979825,1,5,17.5
3620,5.99661,1,5,17.5
3630,5.999334,1,5,17.5
3640,5.987956,1,5,17.5
3650,5.962634,1,5,17.5
3660,5.923724,1,5,17.5
3670,5.871774,1,5,17.5
3680,5.807515,1,5,17.5
3690,5.731852,1,5,17.5
3700,5.645852,1,5,17.5
3710,5.550727,1,5,17.5
3720,5.447821,1,5,17.5
3730,5.338585,1,5,17.5
3740,5.224562,1,5,17.5
3750,5.107361,1,5,17.5
3760,4.988637,1,5,17.5
3770,4.870069,1,5,17.5
3780,4.753331,1,5,17.5
3790,4.640073,1,5,17.5
3800,4.531897,1,5,17.5
3810,4.430332,1,5,17.5
3820,4.336814,1,5,17.5
3830,4.252668,1,5,17.5
3840,4.179084,1,5,17.5
3850,4.117103,1,5,17.5
3860,4.067605,1,5,17.5
3870,4.031291,1,5,17.5
3880,4.008676,1,5,17.5
3890,4.000082,1,5,17.5
3900,4.005633,1,5,17.5
3910,4.025253,1,5,17.5
3920,4.058665,1,5,17.5
3930,4.105399,1,5,17.5
3940,4.164795,1,5,17.5
3950,4.236015,1,5,17.5
3960,4.318052,1,5,17.5
3970,4.409746,1,5,17.5
3980,4.509801,1,5,17.5
3990,4.616801,1,5,17.5
4000,4.729232,1,5,17.5
4010,4.845503,0,5,17.5
4020,4.963968,0,5,17.5
4030,5.082948,0,5,17.5
4040,5.200759,0,5,17.5
4050,5.315732,0,5,17.5
4060,5.426237,0,5,17.5
4070,5.530707,0,5,17.5
4080,5.627662,0,5,17.5
4090,5.715727,0,5,17.5
4100,5.793651,0,5,17.5
4110,5.86033,0,5,17.5
4120,5.914815,0,5,17.5
4130,5.956334,0,5,17.5
4140,5.984295,0,5,17.5
4150,5.998301,0,5,17.5
4160,5.998149,0,5,17.5
4170,5.983842,0,5,17.5
4180,5.955578,0,5,17.5
4190,5.913759,0,5,17.5
4200,5.858974,0,5,17.5
4210,5.791999,0,5,17.5
4220,5.713783,0,5,17.5
4230,5.625435,0,5,17.5
4240,5.528206,0,5,17.5
4250,5.423475,0,5,17.5
4260,5.312729,0,5,17.5
4270,5.197537,0,5,17.5
4280,5.079536,0,5,17.5
4290,4.9604,0,5,17.5
4300,4.84182,0,5,17.5
4310,4.725482,0,5,17.5
4320,4.613036,0,5,17.5
4330,4.506082,0,5,17.5
4340,4.40614,0,5,17.5
4350,4.314629,0,5,17.5
4360,4.232852,0,5,17.5
4370,4.161972,0,5,17.5
4380,4.102997,0,5,17.5
4390,4.056769,0,5,17.5
4400,4.023945,0,5,17.5
4410,4.004994,0,5,17.5
4420,4.000187,0,5,17.5
4430,4.009595,0,5,17.5
4440,4.033086,0,5,17.5
4450,4.070328,0,5,17.5
4460,4.120793,0,5,17.5
4470,4.183765,0,5,17.5
4480,4.258351,0,5,17.5
4490,4.343491,0,5,17.5
4500,4.437975,1,5,17.5
4510,4.54046,1,5,17.5
4520,4.64949,1,5,17.5
4530,4.763512,1,5,17.5
4540,4.880906,1,5,17.5
4550,5,1,5,17.5
4560,5.1191,1,5,17.5
4570,5.23651,1,5,17.5
4580,5.350558,1,5,17.5
4590,5.45962,1,5,17.5
4600,5.562142,1,5,17.5
4610,5.656663,1,5,17.5
4620,5.741835,1,5,17.5
4630,5.816444,1,5,17.5
4640,5.879425,1,5,17.5
4650,5.929881,1,5,17.5
4660,5.967089,1,5,17.5
4670,5.990517,1,5,17.5
4680,5.999831,1,5,17.5
4690,5.994895,1,5,17.5
4700,5.975778,1,5,17.5
4710,5.942749,1,5,17.5
4720,5.896279,1,5,17.5
4730,5.837027,1,5,17.5
4740,5.765837,1,5,17.5
4750,5.683722,1,5,17.5
4760,5.591852,1,5,17.5
4770,5.491536,1,5,17.5
4780,5.384204,1,5,17.5
4790,5.271385,1,5,17.5
4800,5.154689,1,5,17.5
4810,5.03578,1,5,17.5
4820,4.916355,1,5,17.5
4830,4.798118,1,5,17.5
4840,4.682758,1,5,17.5
4850,4.57192,1,5,17.5
4860,4.467187,1,5,17.5
4870,4.370057,1,5,17.5
4880,4.281917,1,5,17.5
4890,4.204027,1,5,17.5
4900,4.1375,1,5,17.5
4910,4.083289,1,5,17.5
4920,4.042169,1,5,17.5
4930,4.014729,1,5,17.5
4940,4.001365,1,5,17.5
4950,4.002268,1,5,17.5
4960,4.017427,1,5,17.5
4970,4.046629,1,5,17.5
4980,4.089457,1,5,17.5
4990,4.145302,1,5,17.5
5000,4.213367,1,5,17.5
5010,4.292681,0,5,17.5
5020,4.382111,0,5,17.5
5030,4.48038,0,5,17.5
5040,4.586085,0,5,17.5
5050,4.697713,0,5,17.5
5060,4.813671,0,5,17.5
5070,4.932299,0,5,17.5
5080,5.051901,0,5,17.5
5090,5.170767,0,5,17.5
5100,5.287194,0,5,17.5
5110,5.399518,0,5,17.5
5120,5.506129,0,5,17.5
5130,5.605502,0,5,17.5
5140,5.696213,0,5,17.5
5150,5.776961,0,5,17.5
5160,5.846591,0,5,17.5
5170,5.904103,0,5,17.5
5180,5.948672,0,5,17.5
5190,5.979658,0,5,17.5
5200,5.996615,0,5,17.5
5210,5.999299,0,5,17.5
5220,5.987669,0,5,17.5
5230,5.961889,0,5,17.5
5240,5.922327,0,5,17.5
5250,5.869548,0,5,17.5
5260,5.804307,0,5,17.5
5270,5.727536,0,5,17.5
5280,5.640334,0,5,17.5
5290,5.543949,0,5,17.5
5300,5.439763,0,5,17.5
5310,5.329267,0,5,17.5
5320,5.214045,0,5,17.5
5330,5.095748,0,5,17.5
5340,4.976073,0,5,17.5
5350,4.856735,0,5,17.5
5360,4.739447,0,5,17.5
5370,4.62589,0,5,17.5
5380,4.517696,0,5,17.5
5390,4.416415,0,5,17.5
5400,4.323504,0,5,17.5
5410,4.240296,0,5,17.5
5420,4.167986,0,5,17.5
5430,4.107615,0,5,17.5
5440,4.06005,0,5,17.5
5450,4.025976,0,5,17.5
5460,4.005884,0,5,17.5
5470,4.000065,0,5,17.5
5480,4.008603,0,5,17.5
5490,4.03138,0,5,17.5
5500,4.068068,0,5,17.5
5510,4.118144,0,5,17.5
5520,4.180891,0,5,17.5
5530,4.255407,0,5,17.5
5540,4.340625,0,5,17.5
5550,4.435321,0,5,17.5
5560,4.538136,0,5,17.5
5570,4.647594,0,5,17.5
5580,4.762122,0,5,17.5
5590,4.880074,0,5,17.5
5600,4.999757,0,5,17.5
5610,5.119448,0,5,17.5
5620,5.237427,0,5,17.5
5630,5.351998,0,5,17.5
5640,5.461512,0,5,17.5
5650,5.564394,0,5,17.5
5660,5.659162,0,5,17.5
5670,5.744453,0,5,17.5
5680,5.819038,0,5,17.5
5690,5.881842,0,5,17.5
5700,5.93196,0,5,17.5
5710,5.968669,0,5,17.5
5720,5.991439,0,5,17.5
5730,5.999941,0,5,17.5
5740,5.994049,0,5,17.5
5750,5.973846,0,5,17.5
5760,5.939622,0,5,17.5
5770,5.891867,0,5,17.5
5780,5.831267,0,5,17.5
5790,5.758693,0,5,17.5
5800,5.675188,0,5,17.5
5810,5.581954,0,5,17.5
5820,5.480332,0,5,17.5
5830,5.371786,0,5,17.5
5840,5.257878,0,5,17.5
5850,5.140248,0,5,17.5
5860,5.020592,0,5,17.5
5870,4.900634,0,5,17.5
5880,4.782102,0,5,17.5
5890,4.666705,0,5,17.5
5900,4.556108,0,5,17.5
5910,4.451906,0,5,17.5
5920,4.355602,0,5,17.5
5930,4.268585,0,5,17.5
5940,4.192113,0,5,17.5
5950,4.127289,0,5,17.5
5960,4.075051,0,5,17.5
5970,4.036153,0,5,17.5
5980,4.011158,0,5,17.5
5990,4.00043,0,5,17.5
6000,4.004125,0,5,17.5
6010,4.022192,0,5,17.5
6020,4.054372,0,5,17.5
6030,4.100202,0,5,17.5
6040,4.159023,0,5,17.5
6050,4.229988,0,5,17.5
6060,4.312073,0,5,17.5
6070,4.404095,0,5,17.5
6080,4.504727,0,5,17.5
6090,4.612516,0,5,17.5
6100,4.725907,0,5,17.5
6110,4.843263,0,5,17.5
6120,4.962888,0,5,17.5
6130,5.083055,0,5,17.5
6140,5.202027,0,5,17.5
6150,5.318086,0,5,17.5
6160,5.429553,0,5,17.5
6170,5.534817,0,5,17.5
6180,5.632356,0,5,17.5
6190,5.720759,0,5,17.5
6200,5.798745,0,5,17.5
6210,5.865187,0,5,17.5
6220,5.919122,0,5,17.5
6230,5.959768,0,5,17.5
6240,5.986535,0,5,17.5
6250,5.999034,0,5,17.5
6260,5.997083,0,5,17.5
6270,5.980708,0,5,17.5
6280,5.950144,0,5,17.5
6290,5.90583,0,5,17.5
6300,5.848406,0,5,17.5
6310,5.778702,0,5,17.5
6320,5.697724,0,5,17.5
6330,5.606643,0,5,17.5
6340,5.506777,0,5,17.5
6350,5.399568,0,5,17.5
6360,5.28657,0,5,17.5
6370,5.169417,0,5,17.5
6380,5.049805,0,5,17.5
6390,4.929466,0,5,17.5
6400,4.810143,0,5,17.5
6410,4.693564,0,5,17.5
6420,4.58142,0,5,17.5
6430,4.475334,0,5,17.5
6440,4.376846,0,5,17.5
6450,4.287384,0,5,17.5
6460,4.208244,0,5,17.5
6470,4.140576,0,5,17.5
6480,4.085362,0,5,17.5
6490,4.043405,0,5,17.5
6500,4.015314,0,5,17.5
6510,4.001498,0,5,17.5
6520,4.002161,0,5,17.5
6530,4.017294,0,5,17.5
6540,4.046679,0,5,17.5
6550,4.089894,0,5,17.5
6560,4.146312,0,5,17.5
6570,4.215118,0,5,17.5
6580,4.295314,0,5,17.5
6590,4.385739,0,5,17.5
6600,4.485082,0,5,17.5
6610,4.591903,0,5,17.5
6620,4.704651,0,5,17.5
6630,4.821692,0,5,17.5
6640,4.941326,0,5,17.5
6650,5.061819,0,5,17.5
6660,5.181419,0,5,17.5
6670,5.29839,0,5,17.5
6680,5.411034,0,5,17.5
6690,5.517713,0,5,17.5
6700,5.616877,0,5,17.5
6710,5.707085,0,5,17.5
6720,5.787026,0,5,17.5
6730,5.855535,0,5,17.5
6740,5.911616,0,5,17.5
6750,5.954453,0,5,17.5
6760,5.983421,0,5,17.5
6770,5.998096,0,5,17.5
6780,5.998264,0,5,17.5
6790,5.983921,0,5,17.5
6800,5.955272,0,5,17.5
6810,5.912732,0,5,17.5
6820,5.856918,0,5,17.5
6830,5.78864,0,5,17.5
6840,5.708889,0,5,17.5
6850,5.618823,0,5,17.5
6860,5.519751,0,5,17.5
6870,5.413113,0,5,17.5
6880,5.300459,0,5,17.5
6890,5.183429,0,5,17.5
6900,5.063723,0,5,17.5
6910,4.943085,0,5,17.5
6920,4.82327,0,5,17.5
6930,4.706021,0,5,17.5
6940,4.593046,0,5,17.5
6950,4.485992,0,5,17.5
6960,4.386416,0,5,17.5
6970,4.29577,0,5,17.5
6980,4.215376,0,5,17.5
6990,4.146405,0,5,17.5
7000,4.089865,0,5,17.5
7010,4.04658,0,5,17.5
7020,4.017182,0,5,17.5
7030,4.002103,0,5,17.5
7040,4.001563,0,5,17.5
7050,4.015573,0,5,17.5
7060,4.043931,0,5,17.5
7070,4.086225,0,5,17.5
7080,4.141841,0,5,17.5
7090,4.209969,0,5,17.5
7100,4.289619,0,5,17.5
7110,4.37963,0,5,17.5
7120,4.478692,0,5,17.5
7130,4.58536,0,5,17.5
7140,4.698081,0,5,17.5
7150,4.815212,0,5,17.5
7160,4.935043,0,5,17.5
7170,5.055827,0,5,17.5
7180,5.175803,0,5,17.5
7190,5.293219,0,5,17.5
7200,5.406361,0,5,17.5
7210,5.513578,0,5,17.5
7220,5.613304,0,5,17.5
7230,5.704083,0,5,17.5
7240,5.784587,0,5,17.5
7250,5.85364,0,5,17.5
7260,5.910232,0,5,17.5
7270,5.953535,0,5,17.5
7280,5.982915,0,5,17.5
7290,5.997941,0,5,17.5
7300,5.99839,0,5,17.5
7310,5.984256,0,5,17.5
7320,5.955741,0,5,17.5
7330,5.913261,0,5,17.5
7340,5.857435,0,5,17.5
7350,5.789076,0,5,17.5
7360,5.709181,0,5,17.5
7370,5.618917,0,5,17.5
7380,5.519602,0,5,17.5
7390,5.412687,0,5,17.5
7400,5.299733,0,5,17.5
7410,5.182391,0,5,17.5
7420,5.062376,0,5,17.5
7430,4.941444,0,5,17.5
7440,4.821363,0,5,17.5
7450,4.703888,0,5,17.5
7460,4.590741,0,5,17.5
7470,4.483575,0,5,17.5
7480,4.38396,0,5,17.5
7490,4.293355,0,5,17.5
7500,4.213086,0,5,17.5
7510,4.14433,0,5,17.5
7520,4.088096,0,5,17.5
7530,4.045207,0,5,17.5
7540,4.016293,0,5,17.5
7550,4.001781,0,5,17.5
7560,4.001884,0,5,17.5
7570,4.016602,0,5,17.5
7580,4.045723,0,5,17.5
7590,4.088822,0,5,17.5
7600,4.14527,0,5,17.5
7610,4.214241,0,5,17.5
7620,4.294726,0,5,17.5
7630,4.385549,0,5,17.5
7640,4.48538,0,5,17.5
7650,4.592756,0,5,17.5
7660,4.706107,0,5,17.5
7670,4.82377,0,5,17.5
7680,4.944021,0,5,17.5
7690,5.065099,0,5,17.5
7700,5.185228,0,5,17.5
7710,5.302647,0,5,17.5
7720,5.415634,0,5,17.5
7730,5.52253,0,5,17.5
7740,5.621767,0,5,17.5
7750,5.711889,0,5,17.5
7760,5.791572,0,5,17.5
7770,5.859646,0,5,17.5
7780,5.91511,0,5,17.5
7790,5.957148,0,5,17.5
7800,5.985143,0,5,17.5
7810,5.998681,0,5,17.5
7820,5.997561,0,5,17.5
7830,5.981798,0,5,17.5
7840,5.951621,0,5,17.5
7850,5.907471,0,5,17.5
7860,5.849995,0,5,17.5
7870,5.780034,0,5,17.5
7880,5.698615,0,5,17.5
7890,5.606931,0,5,17.5
7900,5.506328,0,5,17.5
7910,5.398282,0,5,17.5
7920,5.284381,0,5,17.5
7930,5.166295,0,5,17.5
7940,5.04576,0,5,17.5
7950,4.924548,0,5,17.5
7960,4.804439,0,5,17.5
7970,4.687198,0,5,17.5
7980,4.57455,0,5,17.5
7990,4.468152,0,5,17.5
8000,4.369567,0,5,17.5
8010,4.280248,0,5,17.5
8020,4.201509,0,5,17.5
8030,4.134509,0,5,17.5
8040,4.080235,0,5,17.5
8050,4.039487,0,5,17.5
8060,4.012868,0,5,17.5
8070,4.000769,0,5,17.5
8080,4.003372,0,5,17.5
8090,4.02064,0,5,17.5
8100,4.052321,0,5,17.5
8110,4.097951,0,5,17.5
8120,4.156859,0,5,17.5
8130,4.228182,0,5,17.5
8140,4.31087,0,5,17.5
8150,4.403708,0,5,17.5
8160,4.50533,0,5,17.5
8170,4.614241,0,5,17.5
8180,4.728838,0,5,17.5
8190,4.847434,0,5,17.5
8200,4.968283,0,5,17.5
8210,5.089605,0,5,17.5
8220,5.209612,0,5,17.5
8230,5.326536,0,5,17.5
8240,5.438655,0,5,17.5
8250,5.544314,0,5,17.5
8260,5.641956,0,5,17.5
8270,5.730141,0,5,17.5
8280,5.807567,0,5,17.5
8290,5.873092,0,5,17.5
8300,5.925747,0,5,17.5
8310,5.964755,0,5,17.5
8320,5.989538,0,5,17.5
8330,5.999729,0,5,17.5
8340,5.995176,0,5,17.5
8350,5.975944,0,5,17.5
8360,5.942314,0,5,17.5
8370,5.894781,0,5,17.5
8380,5.834044,0,5,17.5
8390,5.760997,0,5,17.5
8400,5.676716,0,5,17.5
8410,5.582444,0,5,17.5
8420,5.479572,0,5,17.5
8430,5.369615,0,5,17.5
8440,5.254197,0,5,17.5
8450,5.13502,0,5,17.5
8460,5.013845,0,5,17.5
8470,4.892459,0,5,17.5
8480,4.772656,0,5,17.5
8490,4.656205,0,5,17.5
8500,4.544827,0,5,17.5
8510,4.440168,0,5,17.5
8520,4.343774,0,5,17.5
8530,4.257072,0,5,17.5
8540,4.181343,0,5,17.5
8550,4.117709,0,5,17.5
8560,4.067111,0,5,17.5
8570,4.030299,0,5,17.5
8580,4.007819,0,5,17.5
8590,4.000006,0,5,17.5
8600,4.006977,0,5,17.5
8610,4.028631,0,5,17.5
8620,4.064649,0,5,17.5
8630,4.114502,0,5,17.5
8640,4.177454,0,5,17.5
8650,4.252575,0,5,17.5
8660,4.338756,0,5,17.5
8670,4.434724,0,5,17.5
8680,4.539059,0,5,17.5
8690,4.65022,0,5,17.5
8700,4.766562,0,5,17.5
8710,4.886365,0,5,17.5
8720,5.007854,0,5,17.5
8730,5.129233,0,5,17.5
8740,5.248705,0,5,17.5
8750,5.3645,0,5,17.5
8760,5.474903,0,5,17.5
8770,5.578279,0,5,17.5
8780,5.673096,0,5,17.5
8790,5.757949,0,5,17.5
8800,5.831579,0,5,17.5
8810,5.892893,0,5,17.5
8820,5.940983,0,5,17.5
8830,5.975133,0,5,17.5
8840,5.994836,0,5,17.5
8850,5.999797,0,5,17.5
8860,5.989942,0,5,17.5
8870,5.965413,0,5,17.5
8880,5.926573,0,5,17.5
8890,5.873996,0,5,17.5
8900,5.808458,0,5,17.5
8910,5.73093,0,5,17.5
8920,5.642561,0,5,17.5
8930,5.544658,0,5,17.5
8940,5.438672,0,5,17.5
8950,5.326175,0,5,17.5
8960,5.208835,0,5,17.5
8970,5.088391,0,5,17.5
8980,4.96663,0,5,17.5
8990,4.845358,0,5,17.5
9000,4.726376,0,5,17.5
9010,4.611449,0,5,17.5
9020,4.502283,0,5,17.5
9030,4.400501,0,5,17.5
9040,4.307613,0,5,17.5
9050,4.225,0,5,17.5
9060,4.153891,0,5,17.5
9070,4.095342,0,5,17.5
9080,4.050225,0,5,17.5
9090,4.019212,0,5,17.5
9100,4.002765,0,5,17.5
9110,4.001131,0,5,17.5
9120,4.014336,0,5,17.5
9130,4.042186,0,5,17.5
9140,4.08427,0,5,17.5
9150,4.139962,0,5,17.5
9160,4.208439,0,5,17.5
9170,4.288684,0,5,17.5
9180,4.379506,0,5,17.5
9190,4.479556,0,5,17.5
9200,4.587348,0,5,17.5
9210,4.70128,0,5,17.5
9220,4.81966,0,5,17.5
9230,4.940727,0,5,17.5
9240,5.06268,0,5,17.5
9250,5.183708,0,5,17.5
9260,5.302008,0,5,17.5
9270,5.415821,0,5,17.5
9280,5.523452,0,5,17.5
9290,5.6233,0,5,17.5
9300,5.713877,0,5,17.5
9310,5.793835,0,5,17.5
9320,5.861981,0,5,17.5
9330,5.917299,0,5,17.5
9340,5.958966,0,5,17.5
9350,5.986357,0,5,17.5
9360,5.999064,0,5,17.5
9370,5.996895,0,5,17.5
9380,5.97988,0,5,17.5
9390,5.948271,0,5,17.5
9400,5.902537,0,5,17.5
9410,5.843356,0,5,17.5
9420,5.771609,0,5,17.5
9430,5.688363,0,5,17.5
9440,5.594856,0,5,17.5
9450,5.492481,0,5,17.5
9460,5.382762,0,5,17.5
9470,5.267333,0,5,17.5
9480,5.147914,0,5,17.5
9490,5.026285,0,5,17.5
9500,4.904258,0,5,17.5
9510,4.783653,0,5,17.5
9520,4.666268,0,5,17.5
9530,4.553855,0,5,17.5
9540,4.44809,0,5,17.5
9550,4.350552,0,5,17.5
9560,4.262697,0,5,17.5
9570,4.185837,0,5,17.5
9580,4.121121,0,5,17.5
9590,4.069515,0,5,17.5
9600,4.031791,0,5,17.5
9610,4.008515,0,5,17.5
9620,4.000035,0,5,17.5
9630,4.00648,0,5,17.5
9640,4.027757,0,5,17.5
9650,4.063549,0,5,17.5
9660,4.113325,0,5,17.5
9670,4.176342,0,5,17.5
9680,4.251662,0,5,17.5
9690,4.338161,0,5,17.5
9700,4.43455,0,5,17.5
9710,4.539389,0,5,17.5
9720,4.651114,0,5,17.5
9730,4.768057,0,5,17.5
9740,4.88847,0,5,17.5
9750,5.010556,0,5,17.5
9760,5.132489,0,5,17.5
9770,5.252448,0,5,17.5
9780,5.368639,0,5,17.5
9790,5.479325,0,5,17.5
9800,5.58285,0,5,17.5
9810,5.677666,0,5,17.5
9820,5.762353,0,5,17.5
9830,5.835645,0,5,17.5
9840,5.896442,0,5,17.5
9850,5.943834,0,5,17.5
9860,5.977111,0,5,17.5
9870,5.995773,0,5,17.5
9880,5.999538,0,5,17.5
9890,5.988348,0,5,17.5
9900,5.962368,0,5,17.5
9910,5.921985,0,5,17.5
9920,5.867802,0,5,17.5
9930,5.800628,0,5,17.5
9940,5.721465,0,5,17.5
9950,5.631499,0,5,17.5
9960,5.532074,0,5,17.5
9970,5.424677,0,5,17.5
9980,5.310916,0,5,17.5
9990,5.192494,0,5,17.5
10000,5.071183,0,5,17.5
10010,4.948801,0,5,17.5
10020,4.827179,0,5,17.5
10030,4.708142,0,5,17.5
10040,4.593471,0,5,17.5
10050,4.484887,0,5,17.5
10060,4.384017,0,5,17.5
10070,4.292374,0,5,17.5
10080,4.211334,0,5,17.5
10090,4.142111,0,5,17.5
10100,4.085746,0,5,17.5
10110,4.043085,0,5,17.5
10120,4.01477,0,5,17.5
10130,4.001227,0,5,17.5
10140,4.002662,0,5,17.5
10150,4.019056,0,5,17.5
10160,4.050163,0,5,17.5
10170,4.09552,0,5,17.5
10180,4.154449,0,5,17.5
10190,4.226066,0,5,17.5
10200,4.3093,0,5,17.5
10210,4.402902,0,5,17.5
10220,4.50547,0,5,17.5
10230,4.615464,0,5,17.5
10240,4.731236,0,5,17.5
10250,4.851048,0,5,17.5
10260,4.973101,0,5,17.5
10270,5.095564,0,5,17.5
10280,5.216598,0,5,17.5
10290,5.334384,0,5,17.5
10300,5.447154,0,5,17.5
10310,5.553213,0,5,17.5
10320,5.650966,0,5,17.5
10330,5.738945,0,5,17.5
10340,5.815825,0,5,17.5
10350,5.880451,0,5,17.5
10360,5.931849,0,5,17.5
10370,5.969245,0,5,17.5
10380,5.992075,0,5,17.5
10390,5.999995,0,5,17.5
10400,5.992882,0,5,17.5
10410,5.970841,0,5,17.5
10420,5.934203,0,5,17.5
10430,5.883516,0,5,17.5
10440,5.81954,0,5,17.5
10450,5.743236,0,5,17.5
10460,5.655749,0,5,17.5
10470,5.558394,0,5,17.5
10480,5.452635,0,5,17.5
10490,5.340061,0,5,17.5
10500,5.222365,0,5,17.5
10510,5.101317,0,5,17.5
10520,4.978739,0,5,17.5
10530,4.856475,0,5,17.5
10540,4.736367,0,5,17.5
10550,4.620221,0,5,17.5
10560,4.509787,0,5,17.5
10570,4.406729,0,5,17.5
10580,4.3126,0,5,17.5
10590,4.228818,0,5,17.5
10600,4.156646,0,5,17.5
10610,4.097173,0,5,17.5
10620,4.051296,0,5,17.5
10630,4.01971,0,5,17.5
10640,4.00289,0,5,17.5
10650,4.001094,0,5,17.5
10660,4.01435,0,5,17.5
10670,4.042459,0,5,17.5
10680,4.085002,0,5,17.5
10690,4.141338,0,5,17.5
10700,4.210621,0,5,17.5
10710,4.291806,0,5,17.5
10720,4.383673,0,5,17.5
10730,4.484838,0,5,17.5
10740,4.593775,0,5,17.5
10750,4.708844,0,5,17.5
10760,4.828309,0,5,17.5
10770,4.950369,0,5,17.5
10780,5.073184,0,5,17.5
10790,5.194901,0,5,17.5
10800,5.313682,0,5,17.5
10810,5.427735,0,5,17.5
10820,5.535339,0,5,17.5
10830,5.634868,0,5,17.5
10840,5.72482,0,5,17.5
10850,5.803834,0,5,17.5
10860,5.870717,0,5,17.5
10870,5.924457,0,5,17.5
10880,5.964242,0,5,17.5
10890,5.989467,0,5,17.5
10900,5.999751,0,5,17.5
10910,5.994936,0,5,17.5
10920,5.975093,0,5,17.5
10930,5.940519,0,5,17.5
10940,5.891734,0,5,17.5
10950,5.829475,0,5,17.5
10960,5.754678,0,5,17.5
10970,5.668474,0,5,17.5
10980,5.572164,0,5,17.5
10990,5.467201,0,5,17.5
11000,5.355171,0,5,17.5
11010,5.237767,0,5,17.5
11020,5.116763,0,5,17.5
11030,4.993988,0,5,17.5
11040,4.871299,0,5,17.5
11050,4.750549,0,5,17.5
11060,4.633568,0,5,17.5
11070,4.522123,0,5,17.5
11080,4.417902,0,5,17.5
11090,4.322482,0,5,17.5
11100,4.237309,0,5,17.5
11110,4.163671,0,5,17.5
11120,4.102687,0,5,17.5
11130,4.055279,0,5,17.5
11140,4.022167,0,5,17.5
11150,4.003855,0,5,17.5
11160,4.000622,0,5,17.5
11170,4.012519,0,5,17.5
11180,4.039367,0,5,17.5
11190,4.080763,0,5,17.5
11200,4.136081,0,5,17.5
11210,4.204485,0,5,17.5
11220,4.284942,0,5,17.5
11230,4.376233,0,5,17.5
11240,4.476979,0,5,17.5
11250,4.585653,0,5,17.5
11260,4.70061,0,5,17.5
11270,4.820109,0,5,17.5
11280,4.94234,0,5,17.5
11290,5.06545,0,5,17.5
11300,5.187574,0,5,17.5
11310,5.30686,0,5,17.5
11320,5.4215,0,5,17.5
11330,5.529754,0,5,17.5
11340,5.62998,0,5,17.5
11350,5.720658,0,5,17.5
11360,5.80041,0,5,17.5
11370,5.868026,0,5,17.5
11380,5.922479,0,5,17.5
11390,5.96294,0,5,17.5
11400,5.988794,0,5,17.5
11410,5.999647,0,5,17.5
11420,5.995331,0,5,17.5
11430,5.97591,0,5,17.5
11440,5.941677,0,5,17.5
11450,5.89315,0,5,17.5
11460,5.831063,0,5,17.5
11470,5.756356,0,5,17.5
11480,5.670163,0,5,17.5
11490,5.57379,0,5,17.5
11500,5.4687,0,5,17.5
11510,5.356487,0,5,17.5
11520,5.238855,0,5,17.5
11530,5.117589,0,5,17.5
11540,4.994531,0,5,17.5
11550,4.871551,0,5,17.5
11560,4.750516,0,5,17.5
11570,4.633267,0,5,17.5
11580,4.521586,0,5,17.5
11590,4.417171,0,5,17.5
11600,4.321609,0,5,17.5
11610,4.236355,0,5,17.5
11620,4.162705,0,5,17.5
11630,4.101782,0,5,17.5
11640,4.054514,0,5,17.5
11650,4.02162,0,5,17.5
11660,4.003604,0,5,17.5
11670,4.00074,0,5,17.5
11680,4.013076,0,5,17.5
11690,4.040425,0,5,17.5
11700,4.082373,0,5,17.5
11710,4.138285,0,5,17.5
11720,4.20731,0,5,17.5
11730,4.288402,0,5,17.5
11740,4.380326,0,5,17.5
11750,4.481686,0,5,17.5
11760,4.590941,0,5,17.5
11770,4.706427,0,5,17.5
11780,4.826388,0,5,17.5
11790,4.948998,0,5,17.5
11800,5.07239,0,5,17.5
11810,5.194685,0,5,17.5
11820,5.314021,0,5,17.5
11830,5.428579,0,5,17.5
11840,5.536614,0,5,17.5
11850,5.636479,0,5,17.5
11860,5.726652,0,5,17.5
11870,5.805758,0,5,17.5
11880,5.872588,0,5,17.5
11890,5.926124,0,5,17.5
11900,5.965547,0,5,17.5
11910,5.990255,0,5,17.5
11920,5.999869,0,5,17.5
11930,5.99424,0,5,17.5
11940,5.973453,0,5,17.5
11950,5.937821,0,5,17.5
11960,5.887887,0,5,17.5
11970,5.824409,0,5,17.5
11980,5.748355,0,5,17.5
11990,5.660882,0,5,17.5
12000,5.563323,0,5,17.5
12010,5.457166,0,5,17.5
12020,5.344029,0,5,17.5
12030,5.225637,0,5,17.5
12040,5.103797,0,5,17.5
12050,4.980366,0,5,17.5
12060,4.85723,0,5,17.5
12070,4.736268,0,5,17.5
12080,4.619326,0,5,17.5
12090,4.50819,0,5,17.5
12100,4.404559,0,5,17.5
12110,4.310016,0,5,17.5
12120,4.226006,0,5,17.5
12130,4.153813,0,5,17.5
12140,4.094541,0,5,17.5
12150,4.049099,0,5,17.5
12160,4.018181,0,5,17.5
12170,4.002263,0,5,17.5
12180,4.00159,0,5,17.5
12190,4.016174,0,5,17.5
12200,4.045793,0,5,17.5
12210,4.089999,0,5,17.5
12220,4.148116,0,5,17.5
12230,4.219259,0,5,17.5
12240,4.302341,0,5,17.5
12250,4.396093,0,5,17.5
12260,4.499085,0,5,17.5
12270,4.609741,0,5,17.5
12280,4.726371,0,5,17.5
12290,4.847192,0,5,17.5
12300,4.970356,0,5,17.5
12310,5.093978,0,5,17.5
12320,5.216169,0,5,17.5
12330,5.335057,0,5,17.5
12340,5.448824,0,5,17.5
12350,5.555727,0,5,17.5
12360,5.65413,0,5,17.5
12370,5.742524,0,5,17.5
12380,5.819556,0,5,17.5
12390,5.884045,0,5,17.5
12400,5.935002,0,5,17.5
12410,5.971644,0,5,17.5
12420,5.993408,0,5,17.5
12430,5.99996,0,5,17.5
12440,5.991196,0,5,17.5
12450,5.967249,0,5,17.5
12460,5.928484,0,5,17.5
12470,5.875492,0,5,17.5
12480,5.809083,0,5,17.5
12490,5.730274,0,5,17.5
12500,5.64027,0,5,17.5
12510,5.540449,0,5,17.5
12520,5.43234,0,5,17.5
12530,5.317598,0,5,17.5
12540,5.197983,0,5,17.5
12550,5.075327,0,5,17.5
12560,4.95151,0,5,17.5
12570,4.828431,0,5,17.5
12580,4.707978,0,5,17.5
12590,4.591998,0,5,17.5
12600,4.482271,0,5,17.5
12610,4.380481,0,5,17.5
12620,4.28819,0,5,17.5
12630,4.206817,0,5,17.5
12640,4.137611,0,5,17.5
12650,4.081635,0,5,17.5
12660,4.039751,0,5,17.5
12670,4.012604,0,5,17.5
12680,4.000611,0,5,17.5
12690,4.00396,0,5,17.5
12700,4.022601,0,5,17.5
12710,4.056249,0,5,17.5
12720,4.104391,0,5,17.5
12730,4.166288,0,5,17.5
12740,4.240993,0,5,17.5
12750,4.327359,0,5,17.5
12760,4.424062,0,5,17.5
12770,4.529617,0,5,17.5
12780,4.642403,0,5,17.5
12790,4.760689,0,5,17.5
12800,4.882658,0,5,17.5
12810,5.006435,0,5,17.5
12820,5.13012,0,5,17.5
12830,5.251809,0,5,17.5
12840,5.369634,0,5,17.5
12850,5.481781,0,5,17.5
12860,5.586526,0,5,17.5
12870,5.682257,0,5,17.5
12880,5.767501,0,5,17.5
12890,5.840945,0,5,17.5
12900,5.901459,0,5,17.5
12910,5.948108,0,5,17.5
12920,5.980175,0,5,17.5
12930,5.997164,0,5,17.5
12940,5.99881,0,5,17.5
12950,5.985088,0,5,17.5
12960,5.956205,0,5,17.5
12970,5.912605,0,5,17.5
12980,5.854956,0,5,17.5
12990,5.784144,0,5,17.5
13000,5.701257,0,5,17.5
13010,5.60757,0,5,17.5
13020,5.504524,0,5,17.5
13030,5.393704,0,5,17.5
13040,5.276816,0,5,17.5
13050,5.155659,0,5,17.5
13060,5.032099,0,5,17.5
13070,4.908039,0,5,17.5
13080,4.78539,0,5,17.5
13090,4.666042,0,5,17.5
13100,4.551834,0,5,17.5
13110,4.444528,0,5,17.5
13120,4.345777,0,5,17.5
13130,4.257106,0,5,17.5
13140,4.179881,0,5,17.5
13150,4.115295,0,5,17.5
13160,4.064346,0,5,17.5
13170,4.027821,0,5,17.5
13180,4.006286,0,5,17.5
13190,4.000073,0,5,17.5
13200,4.009282,0,5,17.5
13210,4.033772,0,5,17.5
13220,4.073167,0,5,17.5
13230,4.126862,0,5,17.5
13240,4.194031,0,5,17.5
13250,4.273639,0,5,17.5
13260,4.364459,0,5,17.5
13270,4.46509,0,5,17.5
13280,4.573982,0,5,17.5
13290,4.689455,0,5,17.5
13300,4.809726,0,5,17.5
13310,4.932941,0,5,17.5
13320,5.057196,0,5,17.5
13330,5.180574,0,5,17.5
13340,5.301169,0,5,17.5
13350,5.417119,0,5,17.5
13360,5.526631,0,5,17.5
13370,5.628013,0,5,17.5
13380,5.719699,0,5,17.5
13390,5.80027,0,5,17.5
13400,5.86848,0,5,17.5
13410,5.923273,0,5,17.5
13420,5.963801,0,5,17.5
13430,5.989435,0,5,17.5
13440,5.999778,0,5,17.5
13450,5.994667,0,5,17.5
13460,5.974178,0,5,17.5
13470,5.938628,0,5,17.5
13480,5.888563,0,5,17.5
13490,5.824756,0,5,17.5
13500,5.748191,0,5,17.5
13510,5.660052,0,5,17.5
13520,5.561699,0,5,17.5
13530,5.454652,0,5,17.5
13540,5.340567,0,5,17.5
13550,5.221208,0,5,17.5
13560,5.098421,0,5,17.5
13570,4.974105,0,5,17.5
13580,4.850184,0,5,17.5
13590,4.728576,0,5,17.5
13600,4.611165,0,5,17.5
13610,4.499767,0,5,17.5
13620,4.396108,0,5,17.5
13630,4.301795,0,5,17.5
13640,4.218289,0,5,17.5
13650,4.146884,0,5,17.5
13660,4.088689,0,5,17.5
13670,4.044605,0,5,17.5
13680,4.015319,0,5,17.5
13690,4.001286,0,5,17.5
13700,4.002725,0,5,17.5
13710,4.019615,0,5,17.5
13720,4.051699,0,5,17.5
13730,4.098479,0,5,17.5
13740,4.159234,0,5,17.5
13750,4.233023,0,5,17.5
13760,4.318705,0,5,17.5
13770,4.414952,0,5,17.5
13780,4.520274,0,5,17.5
13790,4.633039,0,5,17.5
13800,4.7515,0,5,17.5
13810,4.87382,0,5,17.5
13820,4.998103,0,5,17.5
13830,5.12242,0,5,17.5
13840,5.244844,0,5,17.5
13850,5.363476,0,5,17.5
13860,5.476473,0,5,17.5
13870,5.582082,0,5,17.5
13880,5.678663,0,5,17.5
13890,5.764715,0,5,17.5
13900,5.838903,0,5,17.5
13910,5.900072,0,5,17.5
13920,5.947272,0,5,17.5
13930,5.979767,0,5,17.5
13940,5.997051,0,5,17.5
13950,5.998854,0,5,17.5
13960,5.985146,0,5,17.5
13970,5.956136,0,5,17.5
13980,5.912275,0,5,17.5
13990,5.854241,0,5,17.5
14000,5.782933,0,5,17.5
14010,5.699459,0,5,17.5
14020,5.605113,0,5,17.5
14030,5.501359,0,5,17.5
14040,5.389809,0,5,17.5
14050,5.272196,0,5,17.5
14060,5.150347,0,5,17.5
14070,5.026155,0,5,17.5
14080,4.901551,0,5,17.5
14090,4.778472,0,5,17.5
14100,4.658832,0,5,17.5
14110,4.544492,0,5,17.5
14120,4.437231,0,5,17.5
14130,4.338717,0,5,17.5
14140,4.250486,0,5,17.5
14150,4.17391,0,5,17.5
14160,4.110182,0,5,17.5
14170,4.060296,0,5,17.5
14180,4.02503,0,5,17.5
14190,4.004934,0,5,17.5
14200,4.000324,0,5,17.5
14210,4.011273,0,5,17.5
14220,4.037613,0,5,17.5
14230,4.078936,0,5,17.5
14240,4.134601,0,5,17.5
14250,4.203742,0,5,17.5
14260,4.285286,0,5,17.5
14270,4.377964,0,5,17.5
14280,4.480333,0,5,17.5
14290,4.590802,0,5,17.5
14300,4.707649,0,5,17.5
14310,4.829056,0,5,17.5
14320,4.953132,0,5,17.5
14330,5.077944,0,5,17.5
14340,5.201547,0,5,17.5
14350,5.322015,0,5,17.5
14360,5.437469,0,5,17.5
14370,5.546109,0,5,17.5
14380,5.646241,0,5,17.5
14390,5.736303,0,5,17.5
14400,5.81489,0,5,17.5
14410,5.880773,0,5,17.5
14420,5.932924,0,5,17.5
14430,5.970529,0,5,17.5
14440,5.992998,0,5,17.5
14450,5.999978,0,5,17.5
14460,5.99136,0,5,17.5
14470,5.967275,0,5,17.5
14480,5.928097,0,5,17.5
14490,5.874435,0,5,17.5
14500,5.807125,0,5,17.5
14510,5.727215,0,5,17.5
14520,5.635951,0,5,17.5
14530,5.534756,0,5,17.5
14540,5.425208,0,5,17.5
14550,5.309017,0,5,17.5
14560,5.187996,0,5,17.5
14570,5.064033,0,5,17.5
14580,4.939065,0,5,17.5
14590,4.815044,0,5,17.5
14600,4.693905,0,5,17.5
14610,4.577543,0,5,17.5
14620,4.467775,0,5,17.5
14630,4.366317,0,5,17.5
14640,4.274756,0,5,17.5
14650,4.194525,0,5,17.5
14660,4.126877,0,5,17.5
14670,4.072873,0,5,17.5
14680,4.033358,0,5,17.5
14690,4.008952,0,5,17.5
14700,4.000039,0,5,17.5
14710,4.006759,0,5,17.5
14720,4.029011,0,5,17.5
14730,4.066448,0,5,17.5
14740,4.118486,0,5,17.5
14750,4.184314,0,5,17.5
14760,4.262905,0,5,17.5
14770,4.353029,0,5,17.5
14780,4.45328,0,5,17.5
14790,4.562089,0,5,17.5
14800,4.677755,0,5,17.5
14810,4.798469,0,5,17.5
14820,4.922343,0,5,17.5
14830,5.047438,0,5,17.5
14840,5.171796,0,5,17.5
14850,5.29347,0,5,17.5
14860,5.410555,0,5,17.5
14870,5.521217,0,5,17.5
14880,5.623722,0,5,17.5
14890,5.716464,0,5,17.5
14900,5.797989,0,5,17.5
14910,5.867018,0,5,17.5
14920,5.922469,0,5,17.5
14930,5.963471,0,5,17.5
14940,5.98938,0,5,17.5
14950,5.999788,0,5,17.5
14960,5.994529,0,5,17.5
14970,5.973683,0,5,17.5
14980,5.937576,0,5,17.5
14990,5.886772,0,5,17.5
15000,5.822064,0,5,17.5
15010,5.744465,0,5,17.5
15020,5.655191,0,5,17.5
15030,5.555639,0,5,17.5
15040,5.447369,0,5,17.5
15050,5.332079,0,5,17.5
15060,5.211575,0,5,17.5
15070,5.087746,0,5,17.5
15080,4.962536,0,5,17.5
15090,4.837907,0,5,17.5
15100,4.715816,0,5,17.5
15110,4.59818,0,5,17.5
15120,4.486843,0,5,17.5
15130,4.383555,0,5,17.5
15140,4.289938,0,5,17.5
15150,4.207463,0,5,17.5
15160,4.137426,0,5,17.5
15170,4.080928,0,5,17.5
15180,4.038859,0,5,17.5
15190,4.01188,0,5,17.5
15200,4.000417,0,5,17.5
15210,4.004654,0,5,17.5
15220,4.024524,0,5,17.5
15230,4.059718,0,5,17.5
15240,4.109686,0,5,17.5
15250,4.173644,0,5,17.5
15260,4.250589,0,5,17.5
15270,4.339314,0,5,17.5
15280,4.438426,0,5,17.5
15290,4.546369,0,5,17.5
15300,4.661447,0,5,17.5
15310,4.781852,0,5,17.5
15320,4.905692,0,5,17.5
15330,5.03102,0,5,17.5
15340,5.155866,0,5,17.5
15350,5.278267,0,5,17.5
15360,5.396297,0,5,17.5
15370,5.508099,0,5,17.5
15380,5.611914,0,5,17.5
15390,5.706107,0,5,17.5
15400,5.789196,0,5,17.5
15410,5.859871,0,5,17.5
15420,5.91702,0,5,17.5
15430,5.959739,0,5,17.5
15440,5.987356,0,5,17.5
15450,5.999434,0,5,17.5
15460,5.99578,0,5,17.5
15470,5.97645,0,5,17.5
15480,5.941746,0,5,17.5
15490,5.892212,0,5,17.5
15500,5.828627,0,5,17.5
15510,5.751989,0,5,17.5
15520,5.663505,0,5,17.5
15530,5.564566,0,5,17.5
15540,5.456729,0,5,17.5
15550,5.341692,0,5,17.5
15560,5.221267,0,5,17.5
15570,5.097349,0,5,17.5
15580,4.971892,0,5,17.5
15590,4.846873,0,5,17.5
15600,4.724261,0,5,17.5
15610,4.60599,0,5,17.5
15620,4.493925,0,5,17.5
15630,4.389833,0,5,17.5
15640,4.295357,0,5,17.5
15650,4.211987,0,5,17.5
15660,4.14104,0,5,17.5
15670,4.083636,0,5,17.5
15680,4.040683,0,5,17.5
15690,4.01286,0,5,17.5
15700,4.000608,0,5,17.5
15710,4.004122,0,5,17.5
15720,4.023349,0,5,17.5
15730,4.057988,0,5,17.5
15740,4.107494,0,5,17.5
15750,4.171087,0,5,17.5
15760,4.247767,0,5,17.5
15770,4.336325,0,5,17.5
15780,4.435363,0,5,17.5
15790,4.54332,0,5,17.5
15800,4.658492,0,5,17.5
15810,4.779063,0,5,17.5
15820,4.903128,0,5,17.5
15830,5.028728,0,5,17.5
15840,5.15388,0,5,17.5
15850,5.276607,0,5,17.5
15860,5.39497,0,5,17.5
15870,5.507097,0,5,17.5
15880,5.611218,0,5,17.5
15890,5.705685,0,5,17.5
15900,5.789003,0,5,17.5
15910,5.859855,0,5,17.5
15920,5.91712,0,5,17.5
15930,5.959889,0,5,17.5
15940,5.987485,0,5,17.5
15950,5.99947,0,5,17.5
15960,5.995652,0,5,17.5
15970,5.976089,0,5,17.5
15980,5.941089,0,5,17.5
15990,5.891203,0,5,17.5
16000,5.827217,0,5,17.5
16010,5.750143,0,5,17.5
16020,5.661199,0,5,17.5
16030,5.561788,0,5,17.5
16040,5.453484,0,5,17.5
16050,5.337999,0,5,17.5
16060,5.217159,0,5,17.5
16070,5.092877,0,5,17.5
16080,4.967119,0,5,17.5
16090,4.841877,0,5,17.5
16100,4.719131,0,5,17.5
16110,4.600828,0,5,17.5
16120,4.48884,0,5,17.5
16130,4.384942,0,5,17.5
16140,4.29078,0,5,17.5
16150,4.207847,0,5,17.5
16160,4.137458,0,5,17.5
16170,4.08073,0,5,17.5
16180,4.038564,0,5,17.5
16190,4.01163,0,5,17.5
16200,4.000356,0,5,17.5
16210,4.004924,0,5,17.5
16220,4.025262,0,5,17.5
16230,4.061052,0,5,17.5
16240,4.111726,0,5,17.5
16250,4.176485,0,5,17.5
16260,4.254303,0,5,17.5
16270,4.343949,0,5,17.5
16280,4.444002,0,5,17.5
16290,4.552876,0,5,17.5
16300,4.668847,0,5,17.5
16310,4.790076,0,5,17.5
16320,4.91464,0,5,17.5
16330,5.040564,0,5,17.5
16340,5.16585,0,5,17.5
16350,5.28851,0,5,17.5
16360,5.406598,0,5,17.5
16370,5.518237,0,5,17.5
16380,5.621657,0,5,17.5
16390,5.715213,0,5,17.5
16400,5.79742,0,5,17.5
16410,5.866971,0,5,17.5
16420,5.92276,0,5,17.5
16430,5.963899,0,5,17.5
16440,5.989733,0,5,17.5
16450,5.99985,0,5,17.5
16460,5.994087,0,5,17.5
16470,5.972533,0,5,17.5
16480,5.935528,0,5,17.5
16490,5.883659,0,5,17.5
16500,5.817748,0,5,17.5
16510,5.738839,0,5,17.5
16520,5.648186,0,5,17.5
16530,5.547227,0,5,17.5
16540,5.437565,0,5,17.5
16550,5.320944,0,5,17.5
16560,5.199215,0,5,17.5
16570,5.074313,0,5,17.5
16580,4.948224,0,5,17.5
16590,4.822953,0,5,17.5
16600,4.700492,0,5,17.5
16610,4.582789,0,5,17.5
16620,4.471717,0,5,17.5
16630,4.369043,0,5,17.5
16640,4.276402,0,5,17.5
16650,4.19527,0,5,17.5
16660,4.126938,0,5,17.5
16670,4.072497,0,5,17.5
16680,4.032813,0,5,17.5
16690,4.008521,0,5,17.5
16700,4.00001,0,5,17.5
16710,4.007416,0,5,17.5
16720,4.030625,0,5,17.5
16730,4.069269,0,5,17.5
